﻿<?xml version="1.0" encoding="utf-8"?>
<deployment>
  <id>03e76669-35b3-40ea-8a09-052a90810abe</id>
  <author>N/A</author>
  <deployer>OneDeploy</deployer>
  <authorEmail>N/A</authorEmail>
  <message>OneDeploy</message>
  <progress></progress>
  <status>Failed</status>
  <statusText>Deployment has been stopped due to SCM container restart. The restart can happen due to a management operation on site. Do not perform a management operation and a deployment operation in quick succession. Adding a small delay can help avoid any conflicts.</statusText>
  <lastSuccessEndTime />
  <receivedTime>2026-01-01T17:42:36.4154723Z</receivedTime>
  <startTime>2026-01-01T17:42:39.4668329Z</startTime>
  <endTime>2026-01-01T17:42:54.8911095Z</endTime>
  <complete>True</complete>
  <is_temp>False</is_temp>
  <is_readonly>True</is_readonly>
  <buildSummary />
</deployment>