<step title="Incoming Request" date="2026-01-01T17:42:20.840" instance="bb04f0" url="/api/publish?async=true&amp;deployer=GITHUB_ONE_DEPLOY&amp;type=zip&amp;message=%7B%22type%22%3A%22deployment%22%2C%22sha%22%3A%22551c1d32f3cce62c45069751964c70d128b7ce4d%22%2C%22repoName%22%3A%22sneha4948%2Fdrbot-onboarding%22%2C%22actor%22%3A%22sneha4948%22%2C%22slotName%22%3A%22Production%22%2C%22commitMessage%22%3A%22Add%20or%20update%20the%20Azure%20App%20Service%20build%20and%20deployment%20workflow%20config%22%7D" method="POST" type="request" pid="769,1,7" Host="drbot-onboarding-ftdtgvhpfmebdycm.scm.canadacentral-01.azurewebsites.net" User-Agent="GITHUBACTIONS_DeployWebAppToAzure_f7f17b5e208ad162aa550aa730d3f3168a1cbba7c33a441d4236bd010cffd124" Authorization="Bas..." Content-Type="application/octet-stream" Cookie="ARRAffinity=bb04f0757b9535fa4a28c7c87d6f7e119a08f7738c31ca16cb77511c35c0f9c4;Path=/;HttpOnly;Secure;Domain=drbot-onboarding-ftdtgvhpfmebdycm.scm.canadacentral-01.azurewebsites.net; ARRAffinitySameSite=bb04f0757b9535fa4a28c7c87d6f7e119a08f7738c31ca16cb77511c35c0f9c4;Path=/;HttpOnly;SameSite=None;Secure;Domain=drbot-onboarding-ftdtgvhpfmebdycm.scm.canadacentral-01.azurewebsites.net" Transfer-Encoding="chunked" X-ARR-LOG-ID="6b29d5ab-19d1-4e96-8f43-ca420ffaf2f7" CLIENT-IP="64.236.161.41:23552" X-SITE-DEPLOYMENT-ID="drbot-onboarding" WAS-DEFAULT-HOSTNAME="drbot-onboarding-ftdtgvhpfmebdycm.scm.canadacentral-01.azurewebsites.net" X-Forwarded-Proto="https" X-AppService-Proto="https" X-Forwarded-TlsVersion="1.3" X-WAWS-Unencoded-URL="/api/publish?async=true&amp;deployer=GITHUB_ONE_DEPLOY&amp;type=zip&amp;message=%7B%22type%22%3A%22deployment%22%2C%22sha%22%3A%22551c1d32f3cce62c45069751964c70d128b7ce4d%22%2C%22repoName%22%3A%22sneha4948%2Fdrbot-onboarding%22%2C%22actor%22%3A%22sneha4948%22%2C%22slotName%22%3A%22Production%22%2C%22commitMessage%22%3A%22Add%20or%20update%20the%20Azure%20App%20Service%20build%20and%20deployment%20workflow%20config%22%7D" X-Client-IP="64.236.161.41" X-Client-Port="23552" >
  <step title="OneDeploy" date="2026-01-01T17:42:21.523" >
    <step title="None repository commit" date="2026-01-01T17:42:21.926" >
      <step title="Commit id: 03e76669-35b3-40ea-8a09-052a90810abe" date="2026-01-01T17:42:21.976" Message="N/A" AuthorName="N/A" AuthorEmail="N/A" /><!-- duration: 58ms -->
    </step><!-- duration: 134ms -->
    <step title="Starting PushDeployAsync" date="2026-01-01T17:42:22.110" /><!-- duration: 10ms -->
    <step title="Writing artifact to /tmp/zipdeploy/d2c6c4df-00ca-41d2-9c5f-b6925bdce166.zip" date="2026-01-01T17:42:22.333" >
      <step title="Writing multipart request body to /tmp/zipdeploy/d2c6c4df-00ca-41d2-9c5f-b6925bdce166.zip" date="2026-01-01T17:42:22.576" /><!-- duration: 10ms -->
    </step><!-- duration: 915ms -->
    <step title="Start deployment in the background" date="2026-01-01T17:42:23.665" >
      <step title="Acquiring Deployment Lock" date="2026-01-01T17:42:24.309" /><!-- duration: 137ms -->
      <step title="Acquired Deployment Lock" date="2026-01-01T17:42:25.730" /><!-- duration: 26ms -->
    </step><!-- duration: 2891ms -->
  </step><!-- duration: 5286ms -->
  <step title="Outgoing response" date="2026-01-01T17:42:27.033" type="response" statusCode="202" statusText="Accepted" /><!-- duration: 288ms -->
</step><!-- duration: 6606ms -->
